name,email,address,age,salary,phone_number,job
Sean Oconnor,janet92@example.org,"68472 Anthony Tunnel
North Justinbury, MD 23473",23,118566,747.983.4460,Computer games developer
Laura Jordan,eric33@example.com,"74132 Andrade Underpass Apt. 370
North Josephshire, OR 93754",78,91077,768.265.8449,"Scientist, product/process development"
John Murphy,charlesdavis@example.com,"74427 Summers Cliff Suite 022
Erinburgh, ME 79250",18,44709,001-244-865-9648,Artist
Stephanie Scott,wmartinez@example.org,"31106 Spencer Motorway Suite 268
South Emily, TN 76937",73,41699,323-402-0723x07744,Dance movement psychotherapist
Troy Moreno,davidchavez@example.org,"070 Huff Branch Suite 420
Billyland, MA 98296",65,103244,(780)618-1666,Counselling psychologist
Amanda Richmond,rmay@example.org,"959 Christopher Crossing Apt. 722
Lake Andreatown, NE 86753",71,50284,001-254-232-2844x672,Sales executive
Jennifer Mitchell,tiffany96@example.org,"45093 Miller Forges Suite 720
Susanmouth, MI 56893",42,52825,814-361-8861x20189,"Nurse, mental health"
Christopher Turner,echandler@example.net,"12827 Roberts Alley Suite 328
Edwardville, LA 93539",60,81363,+1-219-390-3833x0803,"Scientist, product/process development"
Henry Brewer,chad18@example.com,"3643 Williams Brook
Priceborough, GU 01491",39,67245,284-643-3453x17840,"Geologist, wellsite"
James Martin,qwilliams@example.com,"117 Jimmy Squares
Cunninghamton, PR 27024",36,57768,206-564-5441,Curator
Jennifer Mcintyre,vazquezthomas@example.net,"9749 Victoria Key
Ricardotown, OH 08495",61,77726,(809)983-6555x063,Veterinary surgeon
Mrs. Brittany Mann,wagneranthony@example.org,"73249 Sosa Summit Suite 527
Wardbury, VI 01277",25,42001,9839953751,Patent attorney
Miranda Johnson,omoses@example.com,"40071 John Walk
Davidmouth, AR 48449",51,92765,(312)386-0229x612,Social researcher
Travis Strickland,danny93@example.net,"24566 Chris Heights Apt. 523
West Adam, FL 72516",68,42181,5185449953,"Engineer, building services"
Kenneth Anderson,gary65@example.net,"289 Elizabeth Rapid
Princeborough, MH 18198",53,73031,+1-203-955-6894,Translator
Edward Garcia,johnreid@example.org,"739 Hart Ridge
Thompsonside, MT 27441",56,80931,417-666-2119,"Restaurant manager, fast food"
Angela Carroll,tonya93@example.org,"615 Roy Ways Apt. 081
Melissaburgh, KS 81725",47,106370,979-627-5443,Sports coach
James Garcia,rachel47@example.com,"760 Zimmerman Lake Suite 196
Lake Tonimouth, NH 71960",54,61714,(917)359-6938,Games developer
Janet Brown,williamshailey@example.org,"8850 Fred Unions
Leahshire, OH 99476",22,73398,573.684.6916x55325,Insurance risk surveyor
Michelle Marquez,eileen76@example.org,"741 Shane Road Apt. 591
West Lisamouth, AZ 57591",77,54496,302.301.7811,"Engineer, petroleum"
Mandy Fernandez,megansanchez@example.net,"21180 Foley Spurs
New Tammyland, AK 17581",30,97200,860.479.0065x838,Land
Sarah Hernandez,julie70@example.org,"0214 Steele Plains
West Travis, WI 50501",63,63922,6662473294,Make
Michele Grant,michaelmcdonald@example.com,"Unit 2821 Box 6033
DPO AA 07967",74,108687,(386)586-4114x97360,IT technical support officer
Joann Smith,susanlogan@example.com,"230 Lori Grove
South Lisabury, AL 02268",48,49689,+1-760-891-7900,"Designer, textile"
Miguel Jones,douglasbrown@example.com,"946 Arnold Course
Sweeneymouth, TN 41769",25,86531,+1-247-993-6412x58648,"Programmer, applications"
Angela Jones,davidhill@example.com,"7460 Ruiz View Suite 519
Jonesfort, NY 76248",70,94874,429-389-9646,"Surveyor, insurance"
Chelsea Garcia,christianmosley@example.net,"06582 Brian Lane Suite 432
New Rodneymouth, CA 60869",78,118435,(525)737-3627x1582,Environmental health practitioner
Thomas Hahn,emccall@example.net,"5507 Crawford Mount Apt. 122
New Sharon, MS 10114",33,109498,(969)926-1129x9915,"Conservator, museum/gallery"
Lisa Mcdonald,claytonwoods@example.org,"94496 Johnson Rest
New Michaelview, IL 52637",58,112392,+1-233-663-0545,Medical sales representative
Wanda Lewis,ifigueroa@example.net,"597 Alexandra Road Apt. 418
North Adamberg, NJ 24723",70,35899,868.884.4033x182,"Conservator, museum/gallery"
Ryan Powell,moyercourtney@example.net,"04763 Jones Port
Lake Diana, MI 39530",65,32672,+1-619-527-8227,Estate manager/land agent
Stacy Sanchez,annford@example.net,"367 Jennifer Via Suite 704
West Brittneyville, OK 96732",47,91651,(701)952-5503,"Surveyor, rural practice"
Claire James,vscott@example.org,"Unit 8263 Box 3160
DPO AA 76137",18,41943,(602)870-2386,Theatre stage manager
Nathan Warren,georgewarren@example.com,"PSC 8144, Box 3798
APO AP 88418",70,88330,(663)503-5862,"Teacher, early years/pre"
Jeremy Banks,ericaray@example.net,"Unit 9829 Box 3022
DPO AE 99908",20,87745,698-367-7152,Training and development officer
Brandon Hinton,sanchezerik@example.com,"03307 Matthew Forks Apt. 168
Powersfort, WI 75641",22,117446,970.643.4723x7800,Writer
Jesus Briggs,jacksonnicholas@example.org,"43646 Kathleen Ports
East Seantown, AR 59654",42,67894,7089726658,Clothing/textile technologist
Charles Mercado,daguirre@example.net,"Unit 7888 Box 5760
DPO AP 35212",67,67860,(786)622-4948x0969,Tree surgeon
Linda Garza,smithmaria@example.net,"94570 Samantha Villages
Ramosfort, AL 68459",31,62195,694.600.3314,Event organiser
Caleb Franklin,preston53@example.com,"12171 Young Lodge
Brownfort, HI 42738",38,30640,7087456803,Investment analyst
Jeremy Lutz,fkoch@example.com,"431 Thompson Viaduct Apt. 622
North Kennethhaven, GA 05386",43,93698,708.206.5968x744,Company secretary
Elizabeth Horton,amyrhodes@example.net,"024 Glover Point
Thomashaven, AK 53109",25,97420,001-956-819-5665,Sport and exercise psychologist
Jessica Eaton,francojay@example.net,"373 Erik Points Suite 000
Port Caroltown, AR 73203",66,102293,(777)274-7530,Proofreader
Jasmine Graham,ygay@example.net,"09546 Dustin Mountain Suite 795
East Brenthaven, OK 99061",29,30931,974.791.1383x24133,"Therapist, occupational"
Samuel Flowers,nicholas00@example.org,"380 Leonard Center Suite 774
Curtisstad, GA 16008",66,47908,2303218896,Politician's assistant
Joe Johnson,gaycaleb@example.net,"24462 Henderson Track Suite 115
Hillstad, DC 50641",32,77674,787.984.1752,Retail banker
Heather Monroe,thomas73@example.com,"382 Margaret Stream
Montgomeryfurt, OR 53194",38,64356,299-570-4296,Primary school teacher
Christy Harris,davismaurice@example.com,"33702 Andrew Camp
East Laurenview, NC 20827",59,104359,001-748-645-5529,"Secretary, company"
Jacob Mcmahon,tonyamorton@example.net,"177 Gary Islands Apt. 866
South Crystal, VI 36810",18,111192,+1-905-975-8680x772,Leisure centre manager
Aaron Torres,hprince@example.com,"55476 Michelle Streets
Murphyhaven, MI 10667",49,68062,+1-947-320-2347x02587,"Editor, magazine features"
Christopher Dodson,jennifer72@example.org,"3493 Brooks Unions
South Bettyborough, MI 46264",22,87102,+1-567-330-3356x6953,Diagnostic radiographer
Jessica Roberson,madison42@example.net,"452 Jeremy Street
Michaelberg, MO 12042",52,49601,669.723.1476,Chiropractor
Jamie Miller,robertsashley@example.org,"13462 Diane Hill Apt. 807
Denisetown, WA 60540",60,46449,001-970-431-5151x421,"Geneticist, molecular"
Jessica Howard,brewerdwayne@example.net,"54254 Scott Ranch Suite 317
Susanport, PR 60276",79,84279,425.440.5485x2546,"Surveyor, minerals"
Matthew Avila,bgreene@example.net,"2259 Cervantes Village
New Dana, NJ 71493",37,118615,001-476-773-7004x5165,"Production assistant, television"
Travis Hayes,jasminnelson@example.com,"PSC 5536, Box 0220
APO AP 39139",77,101322,982-274-1712,"Pharmacist, community"
Christine Hutchinson,david27@example.com,"6533 Kenneth Turnpike
Fosterview, NH 53611",52,31686,(762)363-8169,IT sales professional
Zachary Jackson,fbautista@example.net,"8526 Shaw Mountain Apt. 565
Castillomouth, AZ 29227",56,49153,(967)856-2078x64095,"Civil engineer, contracting"
Ryan Scott,strongmandy@example.net,"9115 Chavez Brook Apt. 115
Port Sophia, OH 85522",21,110153,+1-684-650-0373x27812,"Geologist, engineering"
David Madden,miguel03@example.com,"02274 Heather Spring Apt. 347
Lake Austin, MS 13707",48,101447,245.647.5670x07570,Legal secretary
Steven Johnson,sellerscurtis@example.org,"78013 Strong Stravenue
North Karen, PA 36352",57,68594,+1-755-234-9976x408,Magazine features editor
Taylor Ramirez,raymondkaren@example.net,"732 Moody Extension Suite 327
West Sandra, WY 54626",42,41020,(386)833-6397x4398,"Exhibitions officer, museum/gallery"
Daniel Williams,amy84@example.com,"61294 Rodriguez Lights
Jonesberg, RI 85595",27,78806,+1-457-913-4429,Product/process development scientist
David Jenkins,dthompson@example.net,"46716 Parsons Falls Apt. 464
Kaylashire, KS 17197",51,35334,(367)923-4045x34172,Ranger/warden
Ryan Martinez,fcunningham@example.com,"2079 Olivia Courts Suite 038
New Roger, GU 80951",39,35365,(451)295-9758x46972,Dietitian
Gregory Mendoza,amanda42@example.net,"22093 Martin Stream
New Justinmouth, SC 97761",57,87556,734-529-6224,Chief Executive Officer
Richard Phillips,clewis@example.com,"9018 Brown Lights Suite 308
Heathmouth, GA 76743",68,52842,+1-480-420-6011,Proofreader
Daniel Cochran,robert00@example.com,"4223 Dylan Streets
Joshuashire, DC 06641",43,32624,(648)452-2025,Fisheries officer
Joshua Johnson,alexandriastevens@example.com,"1626 Keith Coves Apt. 904
Smithmouth, NM 99670",26,97461,599-423-2253x54508,"Psychologist, sport and exercise"
Miguel Clark,bridget06@example.com,"45703 Deborah Village Suite 745
Lake Nicholasville, MI 66086",76,98473,+1-913-271-4975,Regulatory affairs officer
Kristina Hicks,pateltammy@example.net,"906 Paul Unions Suite 420
Kramerbury, KS 73240",52,88032,+1-850-809-4983,Counsellor
Richard Anderson DVM,joseph45@example.com,"35230 James Port
Michaelfort, AK 06268",35,50537,001-479-471-8864x65420,"Designer, television/film set"
Deborah Russell,qbean@example.net,"3051 Lewis Falls Apt. 935
Lisaville, FL 79822",76,56451,001-866-814-4085x989,"Engineer, petroleum"
David King,sarah01@example.com,"USS Hall
FPO AE 80636",65,91274,900-764-3017x793,"Accountant, chartered public finance"
Austin Simon,sbradley@example.org,"Unit 8584 Box 5931
DPO AA 74139",54,57440,(628)864-7329,Technical brewer
Wesley Price,youngricky@example.org,"71347 Rocha Street
Andreafurt, RI 17204",29,62115,415.881.8386,Medical illustrator
Frank Johnson,sean40@example.com,"9144 Cantrell Crossing
Sandrafurt, OK 69082",18,70330,+1-574-554-8458x526,"Conservator, furniture"
James Wood,kimberlylindsey@example.org,"9189 Brady Plains
Andersonport, DE 79865",32,86257,612.642.8390x9769,Pension scheme manager
Nicole Mccormick,pmelendez@example.com,"35954 Andrew Freeway
West Alex, AL 85029",76,50518,(923)758-3394x06894,Naval architect
Regina Jones,rebekahmcdaniel@example.com,"60041 Robert Coves
Medinashire, OR 85121",29,59315,231.414.3558x612,Immigration officer
Catherine Galloway,qgoodman@example.org,"55899 Heather Keys Suite 007
North Connorborough, NC 12923",38,83489,001-844-888-2193x887,Insurance underwriter
Timothy Church,anthony09@example.net,"501 Walker Forest Apt. 497
Michaelshire, ID 02891",42,42812,+1-820-817-1305x39925,Higher education careers adviser
Michael Henry,danny49@example.org,"16174 Harrington Turnpike
North Ellenport, CO 19532",56,38567,464.773.7165x91282,Leisure centre manager
Brandi Gonzalez,yroberson@example.org,"79144 Garcia Shores Suite 366
North Glennborough, WA 52735",60,90892,781-487-4773x604,Hydrographic surveyor
Cory Johnson,alexrose@example.com,"PSC 5142, Box 2454
APO AA 38883",51,65891,+1-660-255-0452x5391,Diplomatic Services operational officer
Denise Riley,thompsonmike@example.org,"Unit 6855 Box 1012
DPO AA 93160",76,49894,4344010132,"Engineer, manufacturing"
Amanda Macdonald,brittany24@example.net,"7304 Clark Courts
Lake Bobbyberg, IL 45132",45,49120,001-854-320-2741x04634,Insurance broker
Christopher Murillo,nicolethompson@example.com,"75433 Morton Forges
Josemouth, NM 59068",78,109251,(644)765-8101,"Merchandiser, retail"
Robert Castillo,cassie05@example.org,"2066 Megan Plaza
West Sarahmouth, MO 42662",47,61771,001-834-930-4986x19497,Education administrator
Marisa Briggs,vhendrix@example.org,"964 Graham Trail
Joanneton, AR 64001",78,111840,205.497.2233x101,General practice doctor
Michelle Sweeney,austin01@example.org,"10239 Mary Orchard Apt. 120
North Andreamouth, NC 56417",47,68129,883.499.0274,Retail manager
David Washington,omonroe@example.net,"96585 Justin Villages
Johnathanfurt, ME 64204",56,93770,402-423-0833,Pharmacologist
Benjamin Hall,christopherwhite@example.org,"8617 Holt Rapids
Millerberg, ME 28895",46,46886,7839025946,Insurance account manager
Diane Thompson,kjohnson@example.org,"12577 Anderson Mews Apt. 689
West Brenda, NC 74570",23,62774,001-613-787-5994x32791,Physiological scientist
Jeremy Wilkinson,riveraalexandra@example.com,"7365 Daniels Brooks Apt. 734
West Michaelmouth, WV 32242",40,53278,558-441-2763x252,Agricultural engineer
Sue Harris,khoffman@example.net,"Unit 9706 Box 6715
DPO AE 62516",36,65063,2929212215,Quarry manager
Stacey House,tarathomas@example.org,"77065 Castro Run Apt. 427
East Anthonyside, DE 02237",64,90396,324.871.3247x6807,Transport planner
Gregory Keller,romanjames@example.net,"07039 Kara Crossing Apt. 407
East Terri, KY 66738",31,68495,658-434-2422x01653,"Restaurant manager, fast food"
Timothy Rhodes,oruiz@example.org,"6124 Andrea Meadow
Brownchester, NV 71230",46,42065,282-262-6515,Horticultural therapist
Marissa Nichols,jenniferroberts@example.org,"534 Reese Crossing
Port Michaelborough, NE 86704",21,70526,001-879-244-6120x248,Microbiologist
